year,decile,average_change,relative_change
2026,1,0.03,3e-06
2026,2,280.46,0.010299
2026,3,139.7,0.0034
2026,4,237.38,0.004232
2026,5,457.36,0.006508
2026,6,113.91,0.001312
2026,7,53.75,0.000472
2026,8,31.64,0.000212
2026,9,16.96,8.5e-05
2026,10,27.63,4.3e-05
2027,1,0.03,3e-06
2027,2,291.05,0.010368
2027,3,143.65,0.003377
2027,4,242.55,0.004174
2027,5,484.83,0.006663
2027,6,97.89,0.001088
2027,7,52.64,0.000445
2027,8,31.76,0.000205
2027,9,17.05,8.3e-05
2027,10,28.02,4.3e-05
